_Code;_Description
CBR00126782;"Чай ""TEAHOUSE"" Тенгри Кенийский гранулир. 250 гр"
CBR00128342;"Шоколад ""Roshen"" Экстрачерный целый лесн орех 100 гр кор"
CBR00128335;"Шоколад ""Roshen"" Экстрамол целый лесн орех 100 гр кор"
CBR00128293;"Шоколад ""Roshen""  Пористый белый цел. орех 100 гр кор"
CBR00108218;КАША ГЛАВПРОДУКТ РИС/ГУБЕР/ДОМ/ГОВЯ.340ГР/Ж/Б
CBR00106307;КАША ГЛАВПРОДУКТ ПЕРЛ/ГУБЕР/ДОМ/ГОВЯ.340ГР/Ж/Б
CBR00108221;"Консервы ""Главпродукт"" Тефтели в смет. соусе 325 гр ж/б"
CBR00116466;"Паштет ""Главпродукт"" Деликатесный с гусиной печенью 315 гр ж/б"
CBR00116467;"Паштет ""Главпродукт"" Деликатесный с гусиной печенью 90 гр ж/б"
CBR00116468;"Паштет ""Главпродукт"" Деревенск. с копчен. 315 гр ж/б"
CBR00116469;ПАШТЕТ ГЛАВПРОДУКТ ГУС/ПЕЧЕНЬ,240ГР,Ж/Б
CBR00116470;ПАШТЕТ ГЛАВПРОДУКТ ПЕЧЕН/ИНД/НЕЖ,240ГР,Ж/Б
CBR00116471;"Паштет ""Главпродукт"" Нежн. из печени с копчен 240 гр ж/б"
CBR00116473;"Паштет ""Главпродукт"" Нежный из гусиной печени 95 гр утюж"
CBR00116472;"Паштет ""Главпродукт"" Нежн. кур 315 гр ж/б"
CBR00116475;"Паштет ""Главпродукт"" Нежный с куриной печенью 90 гр ж/б"
CBR00116474;"Паштет ""Главпродукт"" Нежный из куриной печени 95 гр утюж"
CBR00116476;"Паштет ""Главпродукт"" Охотничий с утиной печенью 315 гр"
CBR00116477;"Паштет ""Главпродукт"" Праздничный 315 гр ж/б"
CBR00116492;ПАШТЕТ СЕМЕЙНЫЙ БЮДЖЕТ ГОВ/ПЕЧ,240ГР,Ж/Б
CBR00116491;ПАШТЕТ СЕМЕЙНЫЙ БЮДЖЕТ ГУС/ПЕЧ,240ГР,Ж/Б
CBR00116493;ПАШТЕТ СЕМЕЙНЫЙ БЮДЖЕТ КУР/ПЕЧ/НЕЖ,240ГР,Ж/Б
CBR00116478;"Паштет ""Главпродукт"" Столичный  315 гр ж/б"
CBR00121079;"Сгущенное молоко ""Главпродукт"" С сахар 380 гр"
CFO00001525;12
CBR00121085;СГУЩЁННОЕ МОЛОКО ГЛАВПРОДУКТ СТОЛИЧН.380ГР,Ж/Б
CBR00121087;СГУЩЕННОЕ МОЛОКО ГЛАВПРОДУКТ ЮБИЛЕЙНАЯ,270ГР
CBR00121088;СГУЩЁННОЕ МОЛОКО ГЛАВПРОДУКТ ЮБИЛЕЙН.380ГР
CBR00121083;"Сгущенное молоко ""Главпродукт"" С сахаром 270 гр"
CBR00121084;"Сгущенное молоко ""Главпродукт"" С сахаром 380 гр"
CBR00108284;ТУШЁНКА СЕМЕЙНЫЙ БЮДЖЕТ ГОВ.В/С,500ГР,Ж/Б
CBR00108288;ТУШЁНКА СЕМЕЙНЫЙ БЮДЖЕТ ГОВ/ДОМ,500ГР,С/Б
CBR00126715;"Чай ""Simba"" Evening черный гранулир. 250 гр"
CBR00103604;ГОТОВЫЙ ЗАВТРАК NESQUIK 700ГР,ПАК
CBR00106302;КАША ОВСЯН.NESTLE БИСТРОВ ЧЕРНИКА,240ГР
CBR00106364;"Каша молочная ""NESTLE"" Овсяная молочная 250 гр кор"
CBR00106332;"Каша безмолочная ""NESTLE"" Овсяная 200 гр кор"
CBR00106331;КАША Б/МОЛ.NESTLE ГРЕЧНЕВАЯ,200ГР,КОР
CBR00106363;"Каша молочная ""NESTLE"" Овсяная Груша 250 гр кор"
CBR00119960;"Пюре ""Gerber"" картофель-кабочок 130 гр ст/б"
CBR00119959;"Пюре ""Gerber"" кабочок молоко 125 гр ст/б"
CBR00119989;"Пюре ""Gerber"" яблоко-чернослив 130 гр ст/б"
CBR00122513;СОК ДЕТ.GERBER 100% ЯБЛОКО/ГРУША,С/Б,175МЛ
CBR00122511;СОК ДЕТ.GERBER 100% ЯБЛ/ВИНОГ/ШИПОВ,С/Б,175МЛ
CBR00119953;"Пюре ""Gerber"" говядина по-домашн морк 200 гр ст/б"
CBR00119963;"Пюре ""Gerber"" лакомство по Итальянски 200 гр ст/б"
CBR00119975;"Пюре ""Gerber"" Спагеттии цыпленок 125 гр ст/б"
CBR00101962;"Вафли ""Алматинский"" с арахисовой халвой 2 кг (вес)"
CBR00108289;ТУШЁНКА СЕМЕЙНЫЙ БЮДЖЕТ ГОВ/КУСК,325ГР
CBR00108286;ТУШЁНКА СЕМЕЙНЫЙ БЮДЖЕТ ГОВ.1/С,325ГР,Ж/Б
CBR00108287;ТУШЁНКА СЕМЕЙНЫЙ БЮДЖЕТ ГОВ.1/С,500ГР,Ж/Б
CBR00108285;"Консервы ""СЕМЕЙНЫЙ БЮДЖЕТ"" Говядина тушеная гост 1/с 338 гр ж/б"
CBR00108223;ТУШЁНКА КУСК.СЕМЕЙНЫЙ БЮДЖЕТ ГОВЯД.Ж/Б.340ГР
CBR00108214;"Консервы ""Главпродукт"" Говядина Тушенка 1 сорт  525 гр ж/б"
CBR00108213;"Консервы ""Главпродукт"" Говядина Тушеная 338 гр ж/б"
CBR00108216;"Консервы ""Главпродукт"" Говядина Тушенка вс 500 гр ст.б"
CBR00108215;"Консервы ""Главпродукт"" Говядина Тушенка вс 325 гр ж/б"
CBR00108217;"Консервы ""Главпродукт"" Говядина Тушенка экстра вс 325 гр"
CBR00120028;"Пюре б/п ""Приправыч"" с копченностями 40 гр"
CBR00120029;"Пюре б/п ""Приправыч"" со вкусом курицы 40 гр"
CBR00108811;КОНФЕТЫ ROSHEN КАРАМЕЛЬ/БАРБАРИС,КГ
CBR00108813;КОНФЕТЫ ROSHEN КАРАМЕЛЬ/ДЮШЕС,КГ
CBR00108814;"Конфеты ""Roshen"" Карамелькина ЛФР Мята 1 кг (вес)"
CBR00108815;"Конфеты ""Roshen"" Карамелькина ЛФР Цитрусовый микс 1 кг (вес)"
CBR00108812;КОНФЕТЫ ROSHEN КАРАМЕЛЬКИНА БИМ/БОМ,КГ
CBR00108796;"Конфеты ""Roshen"" карамель Рошен-Микс ЛФР 1 кг (вес)"
CBR00108790;"Конфеты ""Roshen"" карамель Кислинка 1,3 кг (вес)"
CBR00108788;КОНФЕТЫ ROSHEN КАРАМЕЛЬ BUTTER MILK.КГ
CBR00108791;"Конфеты ""Roshen"" карамель Малибу Микс 1 кг (вес)"
CBR00108797;"Конфеты ""Roshen"" карамель Стеклышки Микс ЛФР 2 кг (вес)"
CBR00119982;ПЮРЕ ДЕТ.GERBER ЧЕРНОСЛИВ,С/Б,80ГР:12
CBR00104203;"Детское печенье ""Gerber"" Дореми Batter Blcult 180 гр д/пак"
CBR00128550;ШОКОЛАДНЫЙ БАТОНЧИК NESQUIK НУГА.МОЛ.28Г
CBR00128549;БАТОНЧИК ШОК.NESQUIK МОЛОЧ.НАЧ.50ГР
CBR00128548;"КОНФЕТЫ ""NESTLE"" МУЛЬТИПАК 171 ГР"
CBR00128547;ШОКОЛАДНЫЙ БАТОНЧИК NESQUIK ВАФЛ.22Г
CBR00128530;"Шоколадный батончик ""Kit kat"" Молочный 34 гр"
CBR00128546;БАТОНЧИК ШОК.NESTLE NESQUIK,43ГР
CBR00108803;"Конфеты ""Roshen"" карамель Шипучка 1 кг (вес)"
CBR00108786;"Конфеты ""Roshen"" карамель Газировка КРкФ (вес)"
CBR00108808;"Конфеты ""Roshen"" карамель Эклер ЛФР 1 кг (вес)"
CBR00108809;"Конфеты ""Roshen"" карамель Эклер Молоко ЛФР 1 кг (вес)"
CBR00108793;КОНФЕТЫ ROSHEN КАРАМ.МОЛОЧН.КАПЛ.ЛФР,КГ
CBR00108792;"Конфеты ""Roshen"" карамель Милана ЛФР 2 кг (вес)"
CBR00108848;"Конфеты ""Roshen"" шоколадные Стакан Молока с молочной начинкой 1 кг (вес)"
CBR00108823;КОНФЕТЫ ROSHEN СЛИВКИ/ЛЕНИВКИ/ВАФ.КГ
CBR00108799;"Конфеты ""Roshen"" карамель Фрукт Тоффи ЛФР 2 кг (вес)"
CBR00108802;КОНФЕТЫ ROSHEN КАРАМ.БЕШАН.ПЧЕЛКА,КГ
CBR00108777;КОНФЕТЫ ROSHEN ЖЕЛЕЙНЫЕ ДЖЕЛЛИ,КГ
CBR00108800;"Конфеты ""Roshen"" карамель Цитрус-Бум ЛФР 2 кг (вес)"
CBR00128308;"Шоколад ""Roshen"" Королевский Десерт темн прал орех КФР 230 гр кор"
CBR00128306;"Шоколад ""Roshen"" Королевский Десерт кремов. орех КФР 230 гр кор"
CBR00128299;"Шоколад ""Roshen"" Ассорти молоч. шоколад 203 гр кор"
CBR00128315;"Шоколад ""Roshen"" Монтерини Вишня 196 гр кор"
CBR00128314;"Шоколад ""Roshen"" Монтерини Вишневый ликер 196 гр кор"
CBR00128318;"Шоколад ""Roshen"" Монтерини Ромовым ликером 192 гр кор"
CBR00128317;"Шоколад ""Roshen"" Монтерини Коньячным ликером 192 гр кор"
CBR00108804;КОНФЕТЫ ROSHEN КАРАМЕЛЬ/ШОКОЛАПКИ,КГ
CBR00108833;"Конфеты ""Roshen"" шоколадные Гран Тоффи Классик 1 кг (вес)"
CBR00108834;"Конфеты ""Roshen"" шоколадные Гран Тоффи Лесной орех 2 кг (вес)"
CBR00108835;"Конфеты ""Roshen"" шоколадные Гран Тоффи Шоколад 2 кг (вес)"
CBR00108845;"Конфеты ""Roshen"" шоколадные Сказочный Мишка ВКФ 1 кг (вес)"
CBR00108794;"Конфеты ""Roshen"" карамель Россети ЛФР 2 кг (вес)"
CBR00108830;"Конфеты ""Roshen"" шоколадные Бассарили ВКФ 2 кг (вес)"
CBR00108816;"Конфеты ""Roshen"" Нуга Ваниль 1 кг (вес)"
CBR00108818;"Конфеты ""Roshen"" Нуга Шоколад 1 кг (вес)"
CBR00108841;"Конфеты ""Roshen"" шоколадные Кэндинат с арахисом 1 кг (вес)"
CBR00120463;"Рулет ""Roshen"" Вишня-Крем ВКФ 210 гр"
CBR00120465;"Рулет ""Roshen"" Сгущен. молоко ВКФ 210 гр"
CBR00116905;"Печенье ""Roshen"" Эсмиральда Арахис 150 гр"
CBR00116906;"Печенье ""Roshen"" Эсмиральда шокол. с кусочками 150 гр"
CBR00108838;КОНФЕТЫ ROSHEN ИРИС/KORIVKA ВАФ,КГ
CBR00108775;"Конфеты ""Roshen"" вафельные Сливки-Ленивки 3,5 кг (вес)"
CBR00116896;"Печенье ""Roshen"" Мультикейк Какао 4 кг (вес)"
CBR00116897;"Печенье ""Roshen"" Мультикейк Молоко 4 кг (вес)"
CBR00116901;"Печенье ""Roshen"" Сливки-Ленивки 3,7 кг (вес)"
CBR00110218;"Крекер ""Roshen"" Хрустик с маком 5 кг (вес)"
CBR00108840;"Конфеты ""Roshen"" шоколадные Коко-Шокавайт 3,5 кг (вес)"
CBR00108839;"Конфеты ""Roshen"" шоколадные Коко-Дарк 3,5 кг (вес)"
CBR00000203;"Печенье ""Красный Октябрь"" MILLY Вкус топленое молоко 375 гр"
CBR00113056;"Молоко ""Топленное"" 3,2 % 0,9 л"
CBR00106745;КИСЛОМОЛОЧНЫЙ НАПИТОК ТАНДЕМ,1Л/ПЭТ
CBR00106746;КИСЛОМОЛОЧНЫЙ НАПИТОК ТАНДЕМ 1,5Л ПЭТ
CBR00108737;КОНФЕТЫ MARS В ОБЕРТКЕ,7КГ
CBR00108853;КОНФЕТЫ SNICKERS МИНИС БАЛК:7
CBR00108693;"Конфеты ""Bounty"" обвертке 2,5 кг (вес)"
CBR00108674;КОНФЕТЫ TWIX В/ОБВЕРТКЕ:7
CBR00128220;"Шоколад ""Dove"" Молочный шок.40 гр"
CBR00128357;"Шоколад ""А.Коркунов"" Молочный шок.Лесной орех 250 гр кор"
CBR00119187;"Желе ""Приправыч"" Желе Абрикос 100 гр"
CBR00119188;ЖЕЛЕ ПРИПРАВЫЧ ВИШНЯ,100ГР
CBR00119189;"Желе ""Приправыч"" Желе Клубника 100 гр"
CBR00119201;ПРИПРАВА ПРИПРАВЫЧ УНИВЕРС.ОВОЩ/ТРАВ,200ГР
CBR00119202;"Приправа ""Приправыч"" Универсальная овощная 200 гр"
CBR00122710;НАПИТОК БЕРЕЗОВЫЙ СОК Б/ГАЗА 1,5Л/ПЭТ
CBR00122708;НАПИТОК БЕРЕЗОВЫЙ СОК Б/ГАЗА 0,5Л/ПЭТ
CBR00106337;"Каша Безмолочная ""Малютка"" гречневая 200 гр кор"
CBR00106338;"Каша Безмолочная ""Малютка"" кукурузная 200 гр кор"
CBR00106398;"Каша молочная ""Малютка"" гречневая с черносливом 220 гр кор"
CBR00106397;"Каша молочная ""Малютка"" гречневая RL 220 гр кор"
CBR00106399;"Каша молочная ""Малютка"" кукурузная RL 220 гр кор"
CBR00106403;"Каша молочная ""Малютка"" овсяная со смесью фруктов 220 гр кор"
CBR00106402;КАША МОЛОЧНАЯ МАЛЮТКА ОВСЯНАЯ,6/220ГР
CBR00106404;КАША МОЛОЧНАЯ МАЛЮТКА ПШЕНИЧ/БАНАН,6/220ГР
CBR00106405;"Каша молочная ""Малютка"" рисовая RL 220 гр кор"
CBR00113098;"Молочная каша ""Малютка"" овс.со смесью фрук GH"
CBR00106393;"Каша молочная ""Nutrilon"" гречневая 225 гр кор"
CBR00104252;"Детское питание ""Nutricia"" Нутрилон молочная каша кукурузно-рисовая с яблоком с 5 месяцев 225 гр"
CBR00106394;"Каша молочная ""Nutrilon"" овсяная 225 гр кор"
CBR00106395;"Каша молочная ""Nutrilon"" пшеница с фруктами 225 гр кор"
CBR00106392;"Каша молочная ""Nutrilon"" 4 злака 225 гр кор"
CBR00106396;"Каша молочная ""Nutrilon"" пшеничная с печеньем 225 гр кор"
CBR00104290;"Детское питание ""Малыш"" 1  L 350 гр кор"
CBR00104291;"Детское питание ""Малыш"" 2  L 350 гр кор"
CBR00104292;"Детское питание ""Малыш"" 3 350 гр кор"
CBR00104293;"Детское питание ""Малыш"" Истринский с гречневой мукой 350 гр кор"
CBR00104294;"Детское питание ""Малыш"" Истринский с овсяной мукой 350 гр кор"
CBR00104295;"Детское питание ""Малыш"" Истринский с рисовой мукой 350 гр кор"
CBR00106400;"Каша молочная ""Малютка"" мультзлаковая со смесью фруктов 220 гр кор"
CBR00106401;КАША МОЛОЧН.МАЛЮТКА МУЛЬТИЗЛАК.6/220ГР
CBR00104296;"Детское питание ""Малютка"" 1, 12*300 гр кор"
CBR00104297;"Детское питание ""Малютка"" 10*600 гр кор"
CBR00104299;"Детское питание ""Малютка"" 2, 12*300 гр кор"
CBR00104298;"Детское питание ""Малютка"" 2 L 10*600 гр кор"
CBR00104301;"Детское питание ""Малютка"" 3, 12*300 гр кор"
CBR00104300;"Детское питание ""Малютка"" 3 10*600 гр кор"
CBR00104202;"Детское молочко ""Малютка"" 4 L 12*300 гр кор"
CBR00104201;"Детское молочко ""Малютка"" 4 L 10*600 гр кор"
CBR00104244;"Детское питание ""Nutrilon"" Premium 1 R с рождения 400 гр бум/коробка"
CBR00104245;"Детское питание ""Nutrilon"" Premium 1 R с рождения 900 гр бум/коробка"
CBR00104246;"Детское питание ""Nutrilon"" Premium 2 R с 6 месяцев 400 гр бум/коробка"
CBR00104247;"Детское питание ""Nutrilon"" Premium 2 R с 6 месяцев 900 гр бум/коробка"
CBR00104249;"Детское питание ""Nutrilon"" Premium 3 R с 12 месяцев 400 гр бум/коробка"
CBR00104265;"Детское питание ""Nutrilon"" Комфорт 1 с рождения 400 гр ж/б"
KRZ00003615;"Детское питание ""Nutrilon"" Комфорт 2 с 6 месяцев 400 гр ж/б"
CBR00104269;"Детское питание ""Nutrilon"" Пепти Гастро с рождения 450 гр ж/б"
CBR00104270;"Детское питание ""Nutrilon"" Пре 0 с рождения 400 гр ж/б"
CBR00104253;"Детское питание ""Nutricia"" Нутрилон с аминокислотами с рождения 400 гр"
CBR00104263;"Детское питание ""Nutrilon"" Кисломолочный 1 с рождения 400 гр ж/б"
CBR00104248;"Детское питание ""Nutrilon"" Premium 3 R Premium с 12 месяцев 900 гр бум/коробка"
CBR00104250;"Детское питание ""Nutilon"" Premium 4 R Premium с 18 месяцев 400 гр бум/коробка"
CBR00104261;ДЕТСКОЕ ПИТАНИЕ NUTRILON ГИПОАЛЛЕР.400ГР,Ж/Б
CBR00104262;"Детское питание ""Nutrilon"" Гипоаллергенный 2 с 6 месяцев 400 гр ж/б"
CBR00104264;"Детское питание ""Nutrilon"" Кисломолочный 2 с 6 месяцев 400 гр ж/б"
CBR00104266;"Детское питание ""Nutrilon"" Комфорт 1 с рождения 900 гр ж/б"
CBR00104268;"Детское питание ""Nutrilon"" Пепти Аллергия с рождения 400 гр ж/б"
CBR00104260;"Детское питание ""Nutrilon"" Антирефлюкс с рождения 400 гр ж/б"
CBR00104271;"Детское питание ""Nutrilon"" Пре 1 с рождения 400 гр ж/б"
CBR00104211;"Детское питание  ""Nutrilon"" Соя с рождения 400 гр ж/б"
CBR00111214;"Лапша б/п ""AHAKOM"" с говяж.бульон 60 гр стакан"
CBR00111219;"Лапша б/п ""AHAKOM"" с грибн.бульон 60 гр стакан"
CBR00111223;"Лапша б/п ""AHAKOM"" с куриным бульоном 60 гр стакан"
CBR00111212;"Лапша б/п ""AHAKOM"" вк бекона и сыра 55 гр"
CBR00111215;"Лапша б/п ""AHAKOM"" с говяжьим бульоном 55 гр"
CBR00111220;"Лапша б/п ""AHAKOM"" с грибным бульоном 55 гр"
CBR00111222;"Лапша б/п ""AHAKOM"" с куриным бульоном 55 гр"
CBR00111228;"Лапша б/п ""AHAKOM"" со вкусом бекона и сыра 75 гр лоток"
CBR00111217;"Лапша б/п ""AHAKOM"" с Говяжьим Бульоном 75 гр лоток"
CBR00111218;"Лапша б/п ""AHAKOM"" с Грибами 75 гр лоток"
CBR00111221;"Лапша б/п ""AHAKOM"" с дарами моря 75 гр лоток"
CBR00111225;"Лапша б/п ""AHAKOM"" с куриным бульоном 75 гр лоток"
CBR00111227;"Лапша б/п ""AHAKOM"" с острым курин бульоном 75 гр лоток"
CBR00111226;"Лапша б/п ""AHAKOM"" с острым курин бульоном 60 гр"
CBR00111216;"Лапша б/п ""AHAKOM"" с говяжьим бульоном 75 гр"
CBR00111224;"Лапша б/п ""AHAKOM"" с куриным бульоном 75 гр"
CBR00111213;"Лапша б/п ""AHAKOM"" Куриная 114 гр (в тарелке)"
CBR00120014;"Пюре б/п ""AHAKOM"" картоф с гриб и жар лук 150 гр кор"
CBR00120016;"Пюре б/п ""AHAKOM"" картоф с курицей 150 гр кор"
CBR00120008;"Пюре б/п ""AHAKOM"" картоф вк сметаны 35 гр"
CBR00120012;"Пюре б/п ""AHAKOM"" картоф с гренками 35 гр"
CBR00120015;"Пюре б/п ""AHAKOM"" картоф с гриб и жар луком 35 гр"
CBR00120010;"Пюре б/п ""AHAKOM"" картоф гриб и жар лук 40 гр стакан"
CBR00120009;"Пюре б/п ""AHAKOM"" картоф говядина 40 гр стакан"
CBR00120013;"Пюре б/п ""AHAKOM"" картоф с гренками 40 гр"
CBR00120017;"Пюре б/п ""AHAKOM"" картоф с курицей 40 гр стакан"
CBR00120018;"Пюре б/п ""AHAKOM"" картоф со сметаной 40 гр стакан"
CBR00105823;ЙОГУРТ ГЕК СЛИВ/БРИЗ АБРИК/ПЕРС/МАРАК,4,7%,100ГР
CBR00105828;ЙОГУРТ ГЕК СЛИВ/БРИЗ КЛУБ/АНАН,4,7%,100ГР
CBR00105824;"Йогурт ""Гек"" Сливочный бриз Виш/Абр/Ман 7,5% 100 гр"
CBR00105825;ЙОГУРТ ГЕК СЛИВ/БРИЗ ЗЕМЛ/ЯБЛ/ГРУШ,7,5%,100ГР
CBR00105827;ЙОГУРТ ГЕК СЛИВ/БРИЗ КЛУБ/ПЕРС/МАРАК,7,5%,100ГР
CBR00105829;ЙОГУРТ ГЕК СЛИВ/БРИЗ ЛЕС/ЯГОД/АБРИК,7,5%,100ГР
CBR00105830;ЙОГУРТ ГЕК СЛИВ/БРИЗ МАЛИН/ПЕРС/МАНГ,7,5%,100ГР
CBR00105835;"Йогурт ""Гек"" Фруктовый бриз Ан/Ябл/Гр 0,1% 100 гр"
CBR00105837;"Йогурт ""Гек"" Фруктовый бриз Кл/Пер/Мар 0,1% 100 гр"
CBR00105840;"Йогурт ""Гек"" Фруктовый бриз Мал/Черн 0,1% 100 гр"
CBR00105836;"Йогурт ""Гек"" Фруктовый бриз Виш/Аб/Ман 0,1% 100 гр"
CBR00126553;"Чай ""BETA TEA"" Снеговик 150 гр"
CBR00116801;"Печенье ""Barilla"" Mulino Bianco Settembrini estero 250 гр"
CBR00116802;"Печенье ""Barilla"" Mulino Bianco Tarallucci 400 гр"
CBR00116798;"Печенье ""Barilla"" Mulino Bianco Galletti 150 гр"
CBR00116800;"Печенье ""Barilla"" Mulino Bianco pan di stelle 150 гр"
CBR00111841;МАКАРОНЫ BARILLA БАВЕТТЕ 500ГР
CBR00111848;МАКАРОНЫ BARILLA ФАРФАЛЕ 500ГР
CBR00111849;МАКАРОНЫ BARILLA ФЕТТУЧИНИ 500ГР
CBR00111850;МАКАРОНЫ BARILLA ФУЗИЛИ 500ГР
CBR00111843;МАКАРОНЫ BARILLA ЛАЗАНИЯ 500ГР
CBR00111844;"Макароны ""Barilla"" Изделия-Маккерончини 500 гр"
CBR00111845;МАКАРОНЫ BARILLA ПЕННЕ РИГАТЕ 500ГР
CBR00111846;МАКАРОНЫ BARILLA СПАГЕТТИ 500ГР
CBR00111847;МАКАРОНЫ BARILLA СПАГЕТТИНИ 500ГР
CBR00111842;МАКАРОНЫ BARILLA КАПЕЛИНИ 500ГР
CBR00116804;"Печенье ""Barilla"" Mulino Bianco с клубн нач 300 гр"
CBR00116806;"Печенье ""Barilla"" Mulino Bianco с нач карамель 300 гр"
CBR00116805;"Печенье ""Barilla"" Mulino Bianco с нач какао 300 гр"
CBR00116803;"Печенье ""Barilla"" Mulino Bianco с ванильн нач 300 гр"
CBR00110464;КРУАССАН 7 DAYS ВАР/СГУЩ,65ГР:5
CBR00110470;КРУАССАНЫ МИНИ 7 DAYS ВАНИЛЬ,65ГР:5
CBR00110465;КРУАССАН 7 DAYS КАКАО,65ГР:5
CBR00110467;"Круассан Миди ""7 Days"" С кремом Клубника 65 гр"
CBR00110479;"Круассан Мини ""7 Days"" С начинкой вишня 200 гр"
CBR00110480;"Круассан Мини ""7 Days"" С начинкой Клубника 200 гр"
CBR00110473;"Круассан Мини ""7 Days"" С кремом Вишня-Ваниль 200 гр"
CBR00110476;"Круассан Мини ""7 Days"" С кремом Какао-Ваниль 200 гр"
CBR00110469;КРУАССАНЫ МИНИ 7 DAYS ВАНИЛЬ,200ГР:3
CBR00110471;КРУАССАНЫ МИНИ 7 DAYS ВАР/СГУЩ,200ГР:3
CBR00110475;КРУАССАНЫ МИНИ 7 DAYS КАКАО,200ГР:3
CBR00110478;"Круассан Мини ""7 Days"" С кремом Карамель 200 гр"
CBR00110472;КРУАССАНЫ МИНИ 7 DAYS ВАР/СГУЩ,65ГР:5
CBR00110474;"Круассан Мини ""7 Days"" С кремом Вишня-Ваниль 65 гр"
CBR00000659;КРУАССАНЫ МИНИ 7 DAYS КАКАО,65ГР:5
CBR00110477;"Круассан Мини ""7 Days"" С кремом Какао-Ваниль 65 гр"
CBR00110468;"Круассан Мини ""7 Days"" C начинкой Клубника 65 гр"
CBR00105693;ЙОГУРТ EHRMANN ALPENLAND КЛУБ/АНАН,7,5%,24/95ГР
CBR00115111;"Напиток йогуртный ""Эрмигурт"" Клубн-Банан 1,2% 420 гр"
CBR00115112;ЙОГУРТ ПИТ.ЭРМИГУРТ 1,2% КЛУБН/БАНАН,290ГР
CBR00115113;ЙОГУРТ ПИТ.ЭРМИГУРТ 1,2% КЛУБН/КИВИ,290ГР
CBR00115114;ЙОГУРТ ПИТ.ЭРМИГУРТ 1,2% ЛЕСН/ЯГОДЫ,290ГР
CBR00115116;ЙОГУРТ ПИТ.ЭРМИГУРТ 1,2% ПЕРС/МАРАКУЙЯ,290ГР
CBR00105883;"Йогурт ""Услада"" Молоч. с соком Абрикоса 1,2% 375 гр"
CBR00105878;ЙОГУРТ УСЛАДА 1,2% МОЛОЧН/СОК/АБРИКОС.95ГР
CBR00105879;ЙОГУРТ УСЛАДА МОЛ.С/СОК/КЛУБН.1,2%,95ГР
CBR00105880;ЙОГУРТ УСЛАДА МОЛ.С/СОК/ЛЕС/ЯГОД.1,2%,95ГР
CBR00105882;ЙОГУРТ УСЛАДА 1,2% МОЛОЧН/СОК/ПЕРС/МАРАК.95ГР
CBR00105885;ЙОГУРТ УСЛАДА 5,1% СЛИВ/СОК/АБРИКОС.105ГР
CBR00105886;ЙОГУРТ УСЛАДА 5,1% СЛИВ/СОК/КЛУБНИКИ.105ГР
CBR00105887;ЙОГУРТ УСЛАДА 5,1% СЛИВ/СОК/ПЕРС/МАРАК.95ГР
CBR00105906;"Йогурт ""Эрмигурт"" Легкий Вишня-Черешня 0,3% 4x115 гр"
CBR00105908;"Йогурт ""Эрмигурт"" Легкий Клубника-Земляника 0,3% 4x115 гр"
CBR00105909;"Йогурт ""Эрмигурт"" Легкий Персик-Маракуйя 0,3% 4x115 гр"
CBR00105905;"Йогурт ""Эрмигурт"" Ананас-Дыня 3 2% 4x115 гр"
CBR00105910;"Йогурт ""Эрмигурт"" Молочный Клубника 3,2% 4x115 гр"
CBR00105912;"Йогурт ""Эрмигурт"" Молочный Персик-Манго 3,2% 4x115 гр"
CBR00105916;"Йогурт ""Эрмигурт"" Экстра слив Клубника-Земляника 7,5% 4х115 гр"
CBR00105917;"Йогурт ""Эрмигурт"" Экстра слив.Тропические фрукты 7,5% 4x115 гр"
CBR00105918;"Йогурт ""Эрмигурт"" Экстра слив.Яблоко-Груша 7,5% 4x115 гр"
CBR00105920;"Йогурт ""Эрмик"" С кальцием Клубника 2,5% 100 гр"
CBR00000787;Эрмигурт Экстра Пудинг Belle Caramel 3,0%100г/24
CBR00000788;Эрмигурт Экстра Пудинг Princess Vanile 3,0%100г/24
CBR00122050;СМЕТАННЫЙ ПРОД.EHRMANN 15% СМЕТАНОВНА,185ГР
CBR00122051;СМЕТАННЫЙ ПРОД.EHRMANN 15% СМЕТАНОВНА,375ГР
CBR00122052;"Сметана ""Сметановна"" терм 20% 185 гр (НЕ ИСПОЛЬЗОВАТЬ)"
CBR00122053;"Сметана ""Сметановна"" терм 20% 375 гр"
CBR00128353;"Шоколад ""А.Коркунов"" Ассорти новогодний 120 гр"
CBR00128352;"Шоколад ""А.Коркунов"" Ассорти новогодний 12*190 гр кор"
CBR00128350;"Шоколад ""А.Коркунов"" Ассорти 250 гр кор"
CBR00128351;"Шоколад ""А.Коркунов"" Ассорти молоч 10*192 гр кор"
CBR00128354;"Шоколад ""А.Коркунов"" Валенсо Молоч Весна 120 гр кор"
CBR00128355;"Шоколад ""А.Коркунов"" Лесной орех 190 гр кор"
CBR00128356;"Шоколад ""А.Коркунов"" Лесной орех и темном креме 190 гр кор"
CBR00128516;"Шоколадный батончик ""Dove"" Молочный c фундуком 40 гр"
CBR00128213;"Шоколад ""Dove"" Молочн.шок 40 гр"
CBR00128215;"Шоколад ""Dove"" Молочный Грец.Орех/Грильяж 100 гр"
CBR00128214;"Шоколад ""Dove"" Молочный 90 гр*16"
CBR00128216;"Шоколад ""Dove"" Молочный Инжир 100 гр"
CBR00128217;ШОКОЛАД DOVE МОЛОЧНЫЙ ФУНДУК,90ГР/16
CBR00128218;"Шоколад ""Dove"" Молочный Фундук Изюм 90 гр*16"
CBR00128219;ШОКОЛАД DOVE ЦЕЛЬНЫЙ ФУНДУК,90ГР/16
CBR00128513;ШОКОЛАДН/БАТОНЧ.BOUNTY МОЛОЧН.МУЛЬ/ПАК,55ГР/192
CBR00128512;ШОКОЛАДН/БАТОНЧ.BOUNTY МОЛОЧН.55ГР
CBR00128514;ШОКОЛАДН/БАТОНЧ.BOUNTY ТРИО,82,5ГР/144
CBR00104526;ДРАЖЕ M&M'S С АРАХИСОМ,45ГР/160
CBR00104535;ДРАЖЕ M&M'S ШОКОЛАДНЫЙ,45ГР/192
CBR00104524;ДРАЖЕ M&M'S С АРАХИСОМ,130ГР/24
CBR00104540;ДРАЖЕ M&M'S ШОКОЛАДНЫЙ,130ГР/24
CBR00104522;"Драже ""M&M'S"" С арахисом 14*360 гр"
CBR00104539;"Драже ""M&M'S"" Шоколадный 14*360 гр"
CBR00128541;ШОКОЛАДНЫЙ БАТОНЧИК MARS МИНИС,182ГР/9
CBR00128538;ШОКОЛАДНЫЙ БАТОНЧИК MARS 4/БАТ.40,5ГР
CBR00128539;ШОКОЛАДНЫЙ БАТОНЧИК MARS 50ГР/8/36
CBR00128540;"Шоколадный батончик ""Mars"" Макс 81 гр"
CBR00128542;ШОКОЛАДНЫЙ БАТОНЧИК MILKY WAY.26ГР/216
CBR00128544;ШОКОЛАДНЫЙ БАТОНЧИК MILKY WAY.МИНИС,176ГР/9
CBR00128545;ШОКОЛАДНЫЙ БАТОНЧИК MILKY WAY.МУЛЬ/ПАК,130ГР/28
CBR00128570;ШОКОЛ/БАТОНЧИК SNICKERS ЖАР/АРАХИС,40,9ГР/360
CBR00128571;ШОКОЛ/БАТОНЧИК SNICKERS ЖАР/АРАХИС,40,9ГР/200/4
CBR00128562;ШОКОЛАДНЫЙ БАТОНЧИК SNICKERS,50,5ГР/288
CBR00128567;ШОКОЛАДНЫЙ БАТОНЧИК SNICKERS ЛЕС/ОРЕХ,81ГР
CBR00128569;ШОКОЛАДНЫЙ БАТОНЧИК SNICKERS МИНИС,180ГР/9
CBR00128573;ШОКОЛ/БАТОНЧИК SNICKERS СУПЕР,80ГР/128
CBR00128577;ШОКОЛАДНЫЙ БАТОНЧИК TWIX 55ГР
CBR00128582;ШОКОЛАДНЫЙ БАТОНЧИК TWIX МИНИС,184ГР/9
CBR00128584;ШОКОЛАДНЫЙ БАТОНЧИК TWIX МУЛЬ/ПАК,220ГР
CBR00109472;КОРМ Д/ЖИВ.WHISKAS ТЕЛЯТИНА ЖЕЛЕ,75ГР
CBR00109510;КОРМ Д/ЖИВ.WHISKAS РАГУ.ГОВ/ЯГНЕНОК.75ГР/24
CBR00109474;КОРМ Д/ЖИВ.WHISKAS РАГУ КИННЫЙ,75ГР/24
CBR00109476;КОРМ Д/ЖИВ.WHISKAS РАГУ ЯГНЕНОК,75ГР/24
CBR00109479;"Корм для животных ""Whiskas"" Желе Говядина/Печень 100 гр"
CBR00109471;"Корм для животных ""Whiskas"" для кастрированных котов и стерилизованных кошек 100 гр"
CBR00109477;"Корм для животных ""Whiskas"" для кошек постоянно живущих в помещении 100 гр"
CBR00109475;"Корм для животных ""Whiskas"" для котят Рагу Телятина в кремовом соусе 85 гр"
CBR00109480;"Корм для животных ""Whiskas"" Желе Говядина/Печень 400 гр ж/б"
CBR00109488;"Корм для животных ""Whiskas"" Желе Телятина/Индейка/Овощи 100 гр"
CBR00109483;"Корм для животных ""Whiskas"" Желе Креветки/Лосось 100 гр"
CBR00109484;"Корм для животных ""Whiskas"" Желе Курица/Печень 400 гр ж/б"
CBR00109496;КОРМ Д/ЖИВ.WHISKAS ПАШТ.ГОВЯД/ПЕЧЕНЬ.75ГР
CBR00109497;КОРМ Д/ЖИВ.WHISKAS ПАШТ.КУРИЦ/ИНДЕЙ.75ГР
CBR00109513;"Корм для животных ""Whiskas"" Рагу Индейка/Печень 400 гр ж/б"
CBR00109509;"Корм для животных ""Whiskas"" Рагу Говядина 400 гр ж/б"
CBR00109522;"Корм для животных ""Whiskas"" Сочные кусочки Говядина 85 гр"
CBR00109523;"Корм для животных ""Whiskas"" Сочные кусочки Говядина/Помидор 85 гр"
CBR00109524;"Корм для животных ""Whiskas"" Сочные кусочки Курица 85 гр"
CBR00109411;КОРМ Д/ЖИВ.KITEKAT КРОЛИК В СОУСЕ,85ГР/24,ПАУЧ
CBR00109404;"Корм для животных ""Kitekat"" Говядина 410 гр ж/б"
CBR00109409;"Корм для животных ""Kitekat"" Кролик 410 гр ж/б"
CBR00109413;"Корм для животных ""Kitekat"" Курица 410 гр ж/б"
CBR00109430;"Корм для животных ""Kitekat"" Печень 410 гр ж/б"
CBR00109433;"Корм для животных ""Kitekat"" Рыба 410 гр ж/б"
CBR00109412;"Корм для животных ""Kitekat"" Кролик в соусе по домашнему 85 гр*24"
CBR00109415;КОРМ Д/ЖИВ.KITEKAT КУРИЦА В СОУС.ДОМАШ.85ГР/24
CBR00109434;КОРМ Д/ЖИВ.KITEKAT РЫБА В СОУСЕ/ДОМ,85ГР/24
CBR00109407;"Корм для животных ""Kitekat"" Говядина с морковью в желе 100 гр"
CBR00109405;КОРМ Д/ЖИВ.KITEKAT ГОВЯДИНА В ЖЕЛЕ,85ГР/24
CBR00109414;КОРМ Д/ЖИВ.KITEKAT КУРИЦА В ЖЕЛЕ,85ГР/24
CBR00109431;"Корм для животных ""Kitekat"" Печень в соусе по домашнему 100 гр"
CBR00109447;КОРМ Д/СОБАК PEDIGREE ГОВЯДИНА,100ГР
CBR00109448;КОРМ Д/СОБАК PEDIGREE ГОВЯД/ЯГНЕНОК,100ГР
CBR00109449;КОРМ Д/СОБАК PEDIGREE КРОЛИК/ИНДЕЙКА,100ГР
CBR00109450;КОРМ Д/СОБАК PEDIGREE КУРИЦА,100ГР
CBR00109330;"Корм для животных ""CHAPPI"" Мясное изобилие 400 гр ж/б"
CBR00109533;КОРМ Д/КОШЕК SHEBA ГОВ/КРОЛ 24*85Г
CBR00109528;КОРМ Д/КОШЕК SHEBA КУР/ИНДЕЙ 24*85Г
CBR00109529;КОРМ Д/КОШЕК SHEBA ТЕЛЯТИНА 14*85Г
CBR00109530;КОРМ Д/КОШЕК SHEBA ПЛЕЖ.ЛОМТ.ЛОС.СОУ.85Г
CBR00109456;"Корм для животных ""Whiskas"" Вкусные подушечки Говядина/Ягненок/Кролик 400 гр"
CBR00109464;"Корм для животных ""Whiskas"" Вкусные подушечки паштет Говядина/Ягненок/Кролик 5 кг"
CBR00109438;"Корм для животных ""Kitekat"" Телятина аппетитная 2,2 кг"
CBR00109420;"Корм для животных ""Kitekat"" Курочка/Индейка 2,2 кг"
CBR00109421;"Корм для животных ""Kitekat"" Курочка/Индейка 400 гр"
CBR00109417;"Корм для животных ""Kitekat"" Курочка аппетитная 2,2кг"
CBR00109419;"Корм для животных ""Kitekat"" Курочка аппетитная 400 гр"
CBR00109439;"Корм для животных ""Kitekat"" Телятина аппетитная 400 гр"
CBR00109426;"Корм для животных ""Kitekat"" Мясной пир 400 гр"
CBR00109424;"Корм для животных ""Kitekat"" Мясной пир 2,2 кг"
CBR00109435;"Корм для животных ""Kitekat"" Рыбное ассорти 2,2 кг"
CBR00109436;"Корм для животных ""Kitekat"" Рыбное ассорти 400 гр"
CBR00109452;"Корм для животных ""PEDIGREE"" для крупных пород Говядина/Рис/Овощи 2,2 кг"
CBR00109451;"Корм для животных ""PEDIGREE"" для зр.собак мелких пород Говядина/Рис/Овощи 2,2 кг"
CBR00109453;КОРМ Д/ЩЕНКОВ PEDIGREE КУРИЦА ,600ГР
CBR00116500;"Корм для животных ""PEDIGREE"" для взр.собак всех пород гов/рис/ов 2,2 кг*3"
CBR00109446;КОРМ Д/СОБАК PEDIGREE ГОВЯД 14*600Г
CBR00109331;КОРМ Д/ЖИВ.CHAPPI МЯСНОЕ ИЗОБИЛИЕ,600ГР/12
CBR00109329;КОРМ Д/ЖИВ.CHAPPI ГОВЯДИНА/ПО/ДОМАШ.,600ГР/12
CBR00112995;МОЛОКО МИЛОКО 3,2% Т/П,1Л:12
CBR00121071;"Сгущенное молоко ""Айналайын"" С сахаром 8,5% 300 гр ж/б"
CBR00122269;СОК PALMA АБРИКОС/НЕКТАР,Т/П,1,950Л:6
CBR00122282;СОК PALMA КР/ЯБЛОКО/НЕКТАР,Т/П,1,95Л:6
CBR00122285;СОК PALMA МУЛЬТИВИТАМИН,Т/П.1,95Л:6
CBR00122288;"Сок ""Palma"" Персик нектар 1,950 мл*6 тетра пак"
CBR00122243;"Сок ""Juicy"" Гранат 950 л тетра пак"
CBR00116907;"Печенье ""Roshen"" Эсмиральда шоколадная с кусочками шоколад.глазури 150 гр"
CBR00107029;"Колбаса ""Подгорный"" Сардельки и шпикачки (вес)"
CBR00107030;"Колбаса ""Подгорный"" Сосиски (вес)"
CBR00107022;"Колбаса ""Подгорный"" Болонья (вес)"
CBR00107024;"Колбаса ""Подгорный"" Докторская (вес)"
CBR00107023;"Колбаса ""Подгорный"" Говяжья (вес)"
CBR00107025;"Колбаса ""Подгорный"" Мартаделла (вес)"
CBR00107027;"Колбаса ""Подгорный"" Охотничья в\у (вес)"
CBR00104697;"Жая и пастрами ""Подгорный"" (вес)"
CBR00106072;"Казы ""Подгорный"" (вес)"
CBR00107026;"Колбаса ""Подгорный"" Мусульман (вес)"
CBR00107028;"Колбаса ""Подгорный"" Салями (вес)"
CBR00111311;ЛАПША Б/П РОЛЛТОН КУРИЦА НА ДОМ.БУЛЬ.60Г
CBR00111305;ЛАПША Б/П РОЛЛТОН ГОВЯДИНА/5/ВИТ,60ГР
CBR00101667;БУЛЬОН РОЛЛТОН КУРИННЫЙ/ДОМАШ.90ГР
CBR00120033;"Пюре б/п ""РОЛЛТОН"" Обогащ.витам. и минер.веществами 240 гр"
CBR00120036;"Пюре б/п ""РОЛЛТОН"" с сухариками 37 гр"
CBR00120034;"Пюре б/п ""РОЛЛТОН"" с курин.вкусом 37 гр"
CBR00112128;"Макароны ""РОЛЛТОН"" Соломка 400 гр"
CBR00111193;ЛАПША РОЛЛТОН КЛАССИЧЕСКАЯ,400ГР
CBR00120030;ПЮРЕ Б/П РОЛЛТОН КУРИННЫЙ/ВКУС,40ГР
CBR00112121;МАКАРОНЫ РОЛЛТОН ВЕРМЕШЕЛЬ,400ГР
CBR00112122;МАКАРОНЫ РОЛЛТОН ВИТКИ,400ГР
CBR00112123;"Макароны ""РОЛЛТОН"" Гнезда 450 гр"
CBR00112125;МАКАРОНЫ РОЛЛТОН ПЕРЬЯ,400ГР
CBR00112126;МАКАРОНЫ РОЛЛТОН РАКУШКИ,400ГР
CBR00112127;МАКАРОНЫ РОЛЛТОН РОЖКИ,400ГР
CBR00112129;МАКАРОНЫ РОЛЛТОН СПАГЕТТИ,400ГР
CBR00112131;"Макароны ""РОЛЛТОН"" Спирали с томатами и шпинатом 450 гр"
CBR00112130;МАКАРОНЫ РОЛЛТОН СПИРАЛИ,400ГР
CBR00112133;"Макароны ""РОЛЛТОН"" Трубки с томатами и шпинатом 450 гр"
CBR00111317;ЛАПША Б/П РОЛЛТОН КУР/ПО/ДОМАШН.85ГР
CBR00111307;"Лапша б/п ""РОЛЛТОН"" ипбп яичные лапша с бараниной и ароматом 90 гр"
CBR00111318;"Лапша б/п ""РОЛЛТОН"" яичная лапша с говядиной и ароматом 95 гр"
CBR00120040;"Пюре б/п ""РОЛЛТОН"" яичная пюре карт.обогащ. с витаминами120 гр"
CBR00120039;"Пюре б/п ""РОЛЛТОН"" со слив.вкусом 180 гр"
CBR00115142;"Напиток энергетический ""Dizzy"" QUICK berry mix 0.355 л пэт"
CBR00115143;"Напиток энергетический ""Dizzy"" QUICK pineapple orange mix 0.355 л пэт"
CBR00115144;"Напиток энергетический ""Dizzy"" QUICK tutti-frutti mix 0.355 л пэт"
CBR00115140;"Напиток энергетический ""Dizzy"" QUICK  грейпфрут 0.355 л пэт"
CBR00115141;"Напиток энергетический ""Dizzy"" QUICK  яблоко 0.355 л пэт"
CBR00115148;НАПИТОК ЭНЕРГЕТ.DIZZY ЭНЕРДЖИ,0,33Л,С/Б
CBR00103115;НАПИТОК ГАЗ.ЗЛАТОЯР БУРАТИНО,С/Б,0,5Л
CBR00103116;НАПИТОК ГАЗ.ЗЛАТОЯР ДЮШЕС 0,5Л/С/Б
CBR00103114;НАПИТОК ГАЗ.ЗЛАТОЯР БАЙКАЛ 0,5Л/С/Б
CBR00103119;НАПИТОК ГАЗ.ЗЛАТОЯР ТАРХУН 0,5Л/С/Б
CBR00103118;НАПИТОК ГАЗ.ЗЛАТОЯР ЛИМОНАД 0,5Л/С/Б
CBR00103117;"Газированный напиток ""Златояр"" Квас Стелл 0,5 л ст/б"
CBR00111883;"Макароны ""Rola"" Жайма яичная экстра 400 гр"
CBR00111882;"Макароны ""Rola"" Жайма Премиум 220 гр"
CBR00111888;"Макароны ""Rola"" лапша лагман 220 гр*32"
CBR00111895;"Макароны ""Rola"" Лапша Яичная 350 гр"
CBR00122709;НАПИТОК БЕРЕЗОВЫЙ СОК Б/ГАЗА 1Л/ПЭТ
CBR00115145;"Напиток энергетический ""Dizzy"" Мохито 0.33 л пэт"
CBR00115146;"Напиток энергетический ""Dizzy"" пина колада 0.33 л ст/б"
CBR00115155;НАПИТОК ЭНЕРГ.DIZZY ЭКСТРИМ 0,33Л/С/Б
CBR00115153;НАПИТОК ЭНЕРГ.DIZZY ЛИМОН 0,33Л/ПЭТ
CBR00115139;"Напиток энергетический ""Dizzy"" Ice Cream 0.33 л ст/б"
CBR00103063;НАПИТОК ГАЗ.SMILE БУРАТИНО,ПЭТ,1,5Л
CBR00103064;"Газированный напиток ""Smile"" Дюшес 1,5 л пэт"
CBR00103065;"Газированный напиток ""Smile"" Тархун 1,5 л пэт"
CBR00112292;МАРГАРИН ТВ.ЩЕДРОЕ ЛЕТО 72%,СЛИВОЧН.200ГР
CBR00112293;МАРГАРИН ТВ.ЩЕДРОЕ ЛЕТО 72%,СЛИВОЧН.500ГР
CBR00112291;МАРГАРИН ЩЕДРОЕ ЛЕТО ТВ/СЛИВ.72%,1000ГР
CBR00113235;"Мороженое ""Adriano galato"""
CBR00113274;"Мороженое ""LUX"" ВЕДЕРКО КЛУБНИКА"
CBR00113269;МОРОЖЕНОЕ ЛЮКС КРЕМ/БРЮЛЕ,170ГР:12
CBR00113268;МОРОЖЕНОЕ ЛЮКС КРЕМАНКА/СЛИВ/ШОКОЛ,120ГР
CBR00113270;МОРОЖЕНОЕ ЛЮКС ВАНИЛЬН/ВАР/СГУЩ,110ГР
CBR00113273;МОРОЖЕНОЕ ЛЮКС ВАНИЛЬН/КЛУБН,110ГР
CBR00113276;"Мороженое ""MAGIC"" АНАНАС"
CBR00113277;"Мороженое ""MAGIC"" АРБУЗ"
CBR00113284;МОРОЖЕНОЕ SHIN LINE MELONA ЭСК.75ГР:60
CBR00113293;"Мороженое ""SHIN-LINE"" СТАКАН (ФАКЕЛ)"
CBR00113300;"Мороженое ""АЛЛАДИН"" (В ШОК.ГЛАЗУРИ)"
CBR00113303;МОРОЖЕНОЕ SHINE LINE БОМБА ICE/MILK/SHAKE,123ГР:30
CBR00113302;"Мороженое ""БОМБА"" ICE KIVI 140 гр"
CBR00113304;"Мороженое ""БОМБА"" ICE КЛУБНИКА 140 гр"
CBR00113307;"Мороженое ""БОМБА"" КОНУС ПЛОМБИР+ ШОКОЛАД"
CBR00113308;МОРОЖЕНОЕ БОМБА,РОЖОК СЛИВ/ШОК.135ГР:20
CBR00113229;"Мороженое ""48 КОПЕЕК"" КЛУБНИЧНО ВАНИЛЬНОЕ 420 гр"
CBR00113233;"Мороженое ""48 копеек"" ШОКОЛАДНОЕ 420 гр"
CBR00113321;"Мороженое ""ВЕЧЕРОК"""
CBR00113327;"Мороженое ""ЗОЛОТО МАКЕНЫ"""
CBR00113328;"Мороженое ""ЗОЛОТОЙ  ОРЕШЕК"""
CBR00113401;МОРОЖЕНОЕ ИСПАНСКОЕ КРЕМ/БРЮЛЕ,110ГР
CBR00113402;МОРОЖЕНОЕ КАРАВАН В/ШОК.ГЛАЗУРИ,70ГР:26
CBR00113407;"Мороженое ""ЛЯ-ЛЯ-ФА"" (В ШОК.ГЛАЗУРИ)"
CBR00113408;"Мороженое""Shin-Line"" магия шоколадный 110 гр*24 стик"
CBR00113418;МОРОЖЕНОЕ БОМБА НАШ СТАКАНЧИК ШОК.90ГР:36
CBR00113475;"Мороженое ""Шин-Лайн"" ПЛОМБИР"
CBR00113266;МОРОЖЕННОЕ KIT KAT РОЖОК,76ГР
CBR00113281;"Мороженое ""Nesquik"" НЕСТЛЕ РОЖОК 120 гр"
CBR00113434;МОРОЖЕНОЕ СМАК СЛИВОЧ МАК/КУНЖУТ,75ГР:26
CBR00113436;МОРОЖЕНОЕ СНЕГОВИК ЕГОРКА,70ГР:60
CBR00113282;"Мороженое ""Nesquik"" СТАКАНЧИК ШОКОЛАД 60 гр"
CBR00113456;"Мороженое ""СУПЕРСЕМЕЙКА"" ПЛОМБИР 500 ГР"
CBR00113455;"Мороженое ""СУПЕРСЕМЕЙКА"" ПЛОМБИР 1000 ГР"
CBR00113310;"Мороженое ""БОНПАРИ"" ДЖАНГЛЕ С ЖЕЛЕ Ван.Клуб 47 гр"
CBR00113311;"Мороженое ""БОНПАРИ"" УРАГАН ФРУКТОВЫЙ ЛЕД 47 гр"
CBR00113476;"Мороженое ""ШТАНЫ"" (СЛ.ШОК.ГЛ.С ОРЕХОМ)"
CBR00113234;"Мороженое ""48 копеек"" ЭСКИМО ПЛОМБИР Глазурь102 гр"
CBR00113279;"Мороженое ""Mega"" ОСВЕЖАЮЩИЙ АНАНАС 90 гр"
CBR00113309;"Мороженое ""БОМБА"" СТАКАНЧИК"
CBR00112775;Машина чимк 511-1
CBR00126851;"Чай ""Орими"" принцесса Нури Клубника 25 пакетиков 37,5 гр"
CBR00126853;ЧАЙ ПРИНЦЕССА НУРИ МАЛИНА,25/37,5ГР
CBR00126855;ЧАЙ НУРИ ЛЕСНЫЕ ЯГОДЫ,25/37,5
CBR00126460;"Чай ""AHMAD TEA"" Ceylon tea 25 пакетиков 50 гр"
CBR00126462;"Чай ""AHMAD TEA"" Ceylon tea черный листовой 250 гр"
CBR00126461;"Чай ""AHMAD TEA"" Ceylon tea черный листовой 200 гр"
CBR00126463;"Чай ""AHMAD TEA"" Ceylon tea черный листовой 90 гр"
CBR00126465;"Чай ""AHMAD TEA"" EARL GREY черный 200 гр"
CBR00126466;ЧАЙ AHMAD TEA EARL GREY ЧЕРН,90ГР
CBR00126476;"Чай ""AHMAD TEA"" зеленый 100 гр"
CBR00126478;"Чай ""AHMAD TEA"" зеленый 250 гр"
CBR00126467;ЧАЙ AHMAD TEA ЧЕРН.ЛИСТОВОЙ/25ПАК/50ГР:12
CBR00126474;"Чай ""AHMAD TEA"" Passion Fruit Flavoured 20 пакетиков 40 гр"
CBR00126475;"Чай ""AHMAD TEA"" Strawberry Sensation 20 пакетиков 40 гр"
CBR00101828;ВАРЕНИКИ ХВАЛЕНЫЕ КАРТОФЕЛЬ,400ГР:20
CBR00109567;"Котлеты ""SHIN-LINE"" домашние с мясом"
CBR00116534;"Пельмени ""МУСУЛЬМАНСКИЕ"" 400 гр"
CBR00116505;"Пельмени ""АЛАША"" 400 гр"
CBR00116506;"Пельмени ""АЛАША"" 800 гр"
CBR00116511;ПЕЛЬМЕНИ АРЗАН МУСУЛЬМАНСКИЕ,400ГР:20
CBR00116509;ПЕЛЬМЕНИ АРЗАН ГОВЯЖЬИ,400ГР:20
CBR00116528;ПЕЛЬМЕНИ ДОБРЫЕ ГОВЯЖЬИ,370ГР
CBR00116544;"Пельмени ""СИБИРСКИЙ СЕКРЕТ"" 400 гр"
CBR00116546;"Пельмени ""Хваленые"" говяжьи классика 400гр"
CBR00116547;"Пельмени ""Хваленые"" Пельмешки говяжьи 400гр"
CBR00125640;"Фарш ""SHIN-LINE"" Эконом упаковка"
CBR00112466;МАСЛО СЛИВ.3 ЖЕЛАНИЯ 72,5% КРЕСТЬЯН/НОВОЕ,13КГ
CBR00111728;МАЙОНЕЗ 3 ЖЕЛАНИЯ 40% ЭКСТРА,ВЕД,800ГР
CBR00116827;ПЕЧЕНЬЕ CHOCO BOY ШОКОЛАД,45ГР:30
CBR00116829;ПЕЧЕНЬЕ CHOCO BOY ORION САФАРИ,42ГР
CBR00111819;МАЙОНЕЗ СОЛНЕЧНАЯ ЛИНИЯ ПРОВАНСАЛЬ 67%,700ГР
CBR00112584;МАСЛО РОССИЯНКА ПОДСОЛН.РАФИНИР.1л
CBR00111767;СОУС МАЙОНЕЗ ЕЖК ПРОВАН/САЛТ 25% 800ГР
CBR00111754;СОУС МАЙОНЕЗ ЕЖК ПРОВАН/ДОМ 46% 460ГР
CBR00111753;МАЙОНЕЗ ЕЖК ПРОВАН/ДОМ 46% 200ГР
CBR00111755;"Майонез ""ЕЖК"" Провансаль домашний 46% 900 гр дойпак"
CBR00111752;"Майонез ""ЕЖК"" Провансаль 72% 460 мл д/п"
CBR00110890;КУКУРУЗНЫЕ ПАЛОЧКИ АЛАКАЙ 50ГР
CBR00112583;МАСЛО РОССИЯНКА ПОДСОЛНЕЧН.РАФ.5Л
CBR00111804;"Майонез ""Мечта Хозяйки"" Провансаль 67% д.пак 860мл"
CBR00111758;"Майонез ""ЕЖК"" Провансаль золотой 57% 230 гр"
CBR00111757;"Майонез ""ЕЖК"" Провансаль золотой  57% 460 гр"
CBR00111817;МАЙОНЕЗ СОЛНЕЧНАЯ ЛИНИЯ ПРОВАНСАЛЬ 67%,220ГР
CBR00111818;МАЙОНЕЗ СОЛНЕЧНАЯ ЛИНИЯ ПРОВАНСАЛЬ 67%,390ГР
CBR00113819;МУКА АКСАРАЙ В/С 2КГ
CBR00126359;ЧАЙ ХОЛОДН.RIX TEA ЗЕЛ/ЛИМОН 0,5Л/ПЭТ
CBR00126360;ЧАЙ ХОЛОДН.RIX TEA ЗЕЛ/ЛИМОН 1Л/ПЭТ
CBR00126361;ЧАЙ ХОЛОДН.RIX TEA ЗЕЛ/ЛИМОН 1,5Л/ПЭТ
CBR00126371;ЧАЙ ХОЛОДН.RIX TEA ЧЕРН/ЛИМОН 0,5Л/ПЭТ
CBR00126372;ЧАЙ ХОЛОДН.RIX TEA ЧЕРН/ЛИМОН 1Л/ПЭТ
CBR00126373;ЧАЙ ХОЛОДН.RIX TEA ЧЕРН/ЛИМОН 1,5Л/ПЭТ
CBR00126368;ЧАЙ ХОЛОДН.RIX TEA ЧЕРН/ПЕРСИК 0,5Л/ПЭТ
CBR00126369;ЧАЙ ХОЛОДН.RIX TEA ЧЕРН/ПЕРСИК 1Л/ПЭТ
CBR00126370;ЧАЙ ХОЛОДН.RIX TEA ЧЕРН/ПЕРСИК 1,5Л/ПЭТ
CBR00126374;"Холодный Чай ""RIX TEA"" черный со вкусом ягод 0,5 л пэт"
CBR00126375;"Холодный Чай ""RIX TEA"" черный со вкусом ягод 1 л пэт"
CBR00126376;"Холодный Чай ""RIX TEA"" черный со вкусом ягод 1,5 л пэт"
CBR00126358;"Холодный Чай ""RIX TEA"" зеленый лимон 0,33 л ж/б"
CBR00115184;НАПИТОК ЭНЕРГ.VITAMIN B 0,25Л/С/Б
CBR00115186;НАПИТОК ЭНЕРГ.VITAMIN C Б/САХ 0,25Л/C/Б
CBR00115187;НАПИТОК ЭНЕРГ.VITAMIN C САХ 0,25Л/C/Б
CBR00115185;НАПИТОК ЭНЕРГ.VITAMIN D/E 0,25Л/C/Б
CBR00102409;ВОДА ПИТЬЕВАЯ ARZU Б/Г 0,5Л/ПЭТ
CBR00102411;ВОДА ПИТЬЕВАЯ ARZU Б/Г 1,5Л/ПЭТ
CBR00102412;"Вода питьевая ""ARZU Life Fitness"" с/г 0,5 л пэт"
CBR00102414;ВОДА ПИТЬЕВАЯ ARZU С/Г 1,5Л/ПЭТ
CBR00108955;"Конфеты ""Баян Сулу"" шоколадные Primavera апельсиновая 0,500 кг х 6 (вес)"
CBR00108958;"Конфеты ""Баян Сулу"" шоколадные Primavera сливочная 0,500 кг х 6 (вес)"
CBR00108959;"Конфеты ""Баян Сулу"" шоколадные Primavera смородиновая 0,500 кг х 6 (вес)"
CBR00108969;КОНФЕТЫ ШОК.БАЯН СУЛУ КАРА КУМ:5
CBR00108972;"Конфеты ""Баян Сулу"" шоколадные Красный мак 1 кг х 5 (вес)"
CBR00108981;КОНФЕТЫ ШОК.БАЯН СУЛУ ПЛОМБИР,5КГ
CBR00108952;"Конфеты ""Баян Сулу"" Шоколадные Jelly 1 кг х 5 (вес)"
CBR00108988;"Конфеты ""Баян Сулу"" шоколадные Фондант 1 кг х 5 (вес)"
CBR00108973;"Конфеты ""Баян Сулу"" шоколадные Крем-брюле 1 кг х 5 (вес)"
CBR00108953;"Конфеты ""Баян Сулу"" Шоколадные Jelly со вкусом клубники, персика, малины 1 кг х 5 (вес)"
CBR00108954;"Конфеты ""Баян Сулу"" шоколадные Jelly со вкусом малины 1 кг х 5 (вес)"
CBR00108951;"Конфеты ""Баян Сулу"" шоколадные Fruit jelly 1 кг х 5 (вес)"
CBR00108967;"Конфеты ""Баян Сулу"" шоколадные Грильяж Костанайский 1 кг х 5 (вес)"
CBR00108966;"Конфеты ""Баян Сулу"" шоколадные Вечерний 1 кг х 5 (вес)"
CBR00108974;КОНФЕТЫ ШОК.БАЯН СУЛУ ЛАСТОЧКА:5
CBR00108983;"Конфеты ""Баян Сулу"" Шоколадные Ромашка 1 кг х 5 (вес)"
CBR00108975;КОНФЕТЫ ШОК.БАЯН СУЛУ ЛИМОННЫЙ:5
CBR00108980;КОНФЕТЫ ШОК.БАЯН СУЛУ ОСЕННИЙ,5КГ
CBR00108960;КОНФЕТЫ ШОК.БАЯН СУЛУ АСИЯ:5
CBR00108982;КОНФЕТЫ ШОК.БАЯН СУЛУ ПРЕМЬЕРА,5КГ
CBR00108990;"Конфеты ""Баян Сулу"" шоколадные Школьные 1 кг х 5 (вес)"
CBR00108961;"Конфеты ""Баян Сулу"" шоколадные Батончик 1 кг х 6 (вес)"
CBR00108979;"Конфеты ""Баян Сулу"" шоколадные Молоко & вафли 1 кг х 6 (вес) (дубль)"
CBR00108963;"Конфеты ""Баян Сулу"" шоколадные Буратино 1 кг х 6 (вес)"
CBR00116826;"Печенье ""Choco-Boy"" Orion 100 гр"
CBR00116828;"Печенье ""Choco-Boy"" Orion с пищевой обогащающей добавкой 135 гр"
CBR00116833;ПЕЧЕНЬЕ CHOCO PIE ORION ШОКОЛ,120ГР:6
CBR00116834;ПЕЧЕНЬЕ CHOCO PIE ORION ШОКОЛ,180ГР/12
CBR00116835;ПЕЧЕНЬЕ CHOCO PIE ORION ШОКОЛ.360ГР/24
CBR00107968;"Консервация ""HAME"" огурцы 0,72 л"
CBR00108152;"Консервация ""Кормилица"" Ананасы кусочки 850 гр ж/б"
CBR00108151;"Консервация ""Кормилица"" Ананасы кусочки 580 гр ж/б"
CBR00108153;"Консервация ""Кормилица"" Ананасы шайба 580 гр ж/б"
CBR00108154;"Консервация ""Кормилица"" Ананасы шайба 850 гр ж/б"
CBR00108155;"Консервация ""Кормилица"" Гриб.ассорти 580 гр ст/б"
CBR00108091;"Консервация ""Ricca Festa"" Зел. Горошек ГОСТ в/с 425 гр ж/б"
CBR00108146;"Консервация ""Дон Грин"" Зелёный горошек в/с ГОСТ 400 гр ж/ б"
CBR00108156;"Консервация ""Кормилица"" Икра из кабачков 480 гр ст/б"
CBR00113019;МОЛОКО МУМУНЯ ТП,2,5%/2Л
CBR00113020;МОЛОКО МУМУНЯ ТП,3,2%/2Л
CBR00113010;"Молоко ""Мумуня"" Слим 2,5% 1 л ТБА"
CBR00113011;"Молоко ""Мумуня"" Слим 3,2% 1 л ТБА"
CBR00113018;"Молоко ""Мумуня"" улбтрапаст 2,5% 0,9 л"
CBR00113015;"Молоко ""Мумуня"" Стерилизованное 3,2% 0,9 л ТФА"
CBR00112991;МОЛОКОСОДЕР.ПРОДУКТ ЛЮБИМОЕ 6%,Ф/П.0,9Л:12
CBR00108157;"Консервация ""Кормилица"" Кукуруза 425 гр ж/б"
CBR00108158;"Консервация ""Кормилица"" Маслины с кост. 300 гр  ж/б"
CBR00108159;"Консервация ""Кормилица"" Опята  маринов.314 гр ст/б"
CBR00108160;"Консервация ""Кормилица"" Опята маринованные 580 гр ст/б"
CBR00108161;"Консервация ""Кормилица"" Персики пол.в сиропе 424 гр ж/б"
CBR00108162;"Консервация ""Кормилица"" Персики пол.в сиропе 850 гр ж/б"
CBR00124593;"Томатная паста ""Кормилица"" 250 гр ст/б"
CBR00108163;"Консервация ""Кормилица"" Фасоль белая 400 гр ж/б"
CBR00108165;"Консервация ""Кормилица"" Фасоль красная 400 гр ж/б"
CBR00108166;"Консервация ""Кормилица"" Шампиньоны резаные 800 гр ж/б"
CBR00108167;"Консервация ""Кормилица"" Шампиньоны резаные стерилизованные 400 гр ж/б"
CBR00108168;"Консервация ""Кормилица"" Шампиньоны цел.маринованные 580 гр ст/б"
CBR00108169;"Консервация ""Кормилица"" Шампиньоны целые 850 гр ж/б"
CBR00108234;"Консервы ""Килька"" В томатном соусе 425 гр (ж.б)"
CBR00108063;"Консервация ""MASTER Сардины"" в томатном соусе с чили 155 гр"
CBR00108064;"Консервация ""MASTER Сардины"" жареные в масле испанский стиль 155 гр"
CBR00108065;"Консервация ""MASTER Сардины"" жареные в остром соусе 155 гр"
CBR00108427;"Консервы Рыбные ""Селлесте"" Килька в томатном соусе 240 гр (ж.б) (ключ)"
CBR00108428;"Консервы Рыбные ""Селлесте"" Килька обжаренная в томатном соусе 240 гр (ж.б) (ключ)"
CBR00108429;"Консервы Рыбные ""Селлесте"" Килька обжаренная в томатном соусе с паприкой 240 гр (ж.б) (ключ)"
CBR00108430;"Консервы Рыбные ""Селлесте"" Килька обжаренная в томатном соусе с чили 240 гр (ж.б) (ключ)"
CBR00108435;"Консервы Рыбные ""Селлесте"" Сардинелла в масле 240 гр (ж.б) (ключ)"
CBR00108436;"Консервы Рыбные ""Селлесте"" Сардинелла в том. соусе 240 гр (ж.б) (ключ)"
CBR00108437;"Консервы Рыбные ""Селлесте"" Сардины атлантические в масле 240 гр (ж.б) (ключ)"
CBR00108438;"Консервы Рыбные ""Селлесте"" Сардины в том. соусе 240 гр (ж.б) (ключ)"
CBR00108443;"Консервы Рыбные ""Селлесте"" Филе сельди в масле 170 гр (ж.б) (ключ)"
CBR00108444;"Консервы Рыбные ""Селлесте"" Филе сельди в пикантном томатном соусе 170 гр (ж.б) (ключ)"
CBR00108445;"Консервы Рыбные ""Селлесте"" Филе сельди в томатном соусе 170 гр (ж.б) (ключ)"
CBR00108446;"Консервы Рыбные ""Селлесте"" Филе скумбрии в масле 170 гр (ж.б) (ключ)"
CBR00108447;"Консервы Рыбные ""Селлесте"" Филе скумбрии в томатном соусе 170 гр (ж.б) (ключ)"
CBR00108449;"Консервы Рыбные ""Селлесте"" Шпроты в масле 190 гр (ж.б) (ключ)"
CBR00108178;"Консервация ""Селлесте"" Оливки зеленые без косточки 300 гр ж/б"
CBR00108179;"Консервация ""Селлесте"" Оливки зеленые с анчоусом 300 гр ж/б"
CBR00108431;"Консервы Рыбные ""Селлесте"" Сайра в томате 425 гр (ж.б) (ключ)"
CBR00108432;"Консервы Рыбные ""Селлесте"" Сайра натуральная 240 гр. (ж.б)"
CBR00108410;"Консервы Рыбные ""Пеликан"" Сайра натуральная 425 гр ж/б (ключ)"
CBR00108433;"Консервы Рыбные ""Селлесте"" Сайра натуральная с доб. масла 425 гр (ж.б) (ключ)"
CBR00108434;"Консервы Рыбные ""Селлесте"" Сайра натуральная с добавлением масла 185 гр. (ж.б)"
CBR00108411;"Консервы Рыбные ""Пеликан"" Сайра натуральная с добавлением масла 240 гр. (ж.б)"
CBR00108275;"Консервы ""Селлесте"" Скумбрия в масле 185 гр ж/б"
CBR00108276;"Консервы ""Селлесте"" Скумбрия в масле 240гр ж/б"
CBR00108277;"Консервы ""Селлесте"" Скумбрия в масле 425 гр ж/б"
CBR00108278;"Консервы ""Селлесте"" Скумбрия в томате 425 гр ж/б"
CBR00108439;"Консервы Рыбные ""Селлесте"" Скумбрия в томатном соусе 240 гр. (ж.б)"
CBR00108279;"Консервы ""Селлесте"" Скумбрия натуральная 425 гр ж/б"
CBR00108280;"Консервы ""Селлесте"" Тунец в масле для салатов 140 гр ж/б"
CBR00108281;"Консервы ""Селлесте"" Тунец натуральный для салатов 140 гр ж/б"
CBR00108282;"Консервы ""Селлесте"" Тунец филе в масле 140 гр ж/б"
CBR00108440;"Консервы Рыбные ""Селлесте"" Тунец филе в масле Yellowfin 140 гр /24 (ж.б)"
CBR00108441;"Консервы Рыбные ""Селлесте"" Тунец филе натуральный 140 гр (ж.б)"
CBR00108442;"Консервы Рыбные ""Селлесте"" Тунец филе натуральный Yellowfin 140 гр (ж.б)"
CBR00116419;ПАШТЕТ HAME ДЕЛИКАТЕС/ИНДЕЙКА,75ГР:28/ЧЕХИЯ
CBR00116424;"Паштет ""HAME"" Из говяжей печени фол 75 гр ж/б"
CBR00116416;ПАШТЕТ HAME ДЕЛИКАТЕС/ГУСИН.ПЕЧЕНЬ.75ГР:28/ЧЕХИЯ
CBR00116438;ПАШТЕТ HAME ДЕЛИКАТЕС/МЯСА ПТИЦЫ,75ГР:28/ЧЕХИЯ
CBR00116426;"Паштет ""HAME"" Из гусиной печени 100 гр"
CBR00116444;"Паштет ""HAME"" Печеночный 100 гр ж/б"
CBR00116447;"Паштет ""HAME"" Печёночный Чехия 100 гр ж/б"
CBR00116450;"Паштет ""HAME"" С гусиной печенью Чехия 100 гр ж/б"
CBR00116455;"Паштет ""HAME"" С мясом птицы Чехия 100 гр ж/б"
CBR00116452;"Паштет ""HAME"" С лососем 105 гр фол"
CBR00116427;ПАШТЕТ HAME ДЕЛИКАТЕС/ГУСИН.ПЕЧЕНЬ.105ГР:16/ЧЕХИЯ
CBR00116418;ПАШТЕТ HAME ДЕЛИКАТЕС/ИНДЕЙКА/ЧЕХИЯ,105ГР:16
CBR00116421;ПАШТЕТ HAME ДЕЛИКАТЕС/МЯСО ПТИЦЫ/ЧЕХИЯ,105ГР:16
CBR00116441;"Паштет ""HAME"" Из печени утки с овощами 105 гр фол"
CBR00116454;"Паштет ""HAME"" С мясом кролика фол 105 гр ж/б"
CBR00116456;"Паштет ""HAME"" С олениной фол 105 гр ж/б"
CBR00116457;"Паштет ""HAME"" С телятиной 105 гр ж/б"
CBR00116422;ПАШТЕТ HAME С ГОВЯЖ.ПЕЧЕНЬ,Ж/Б.117ГР:10
CBR00116428;ПАШТЕТ HAME С ГУСИН.ПЕЧЕНЬ,Ж/Б.117ГР:10
CBR00116432;ПАШТЕТ HAME ДЕЛИКАТ.ИНДЕЙКА,Ж/Б.117ГР:10
CBR00116435;ПАШТЕТ HAME С МЯСОМ ПТИЦЫ,Ж/Б.117ГР:10
CBR00116442;"Паштет ""HAME"" Крестьянский со сливочным маслом 117 гр ж/б"
CBR00116443;"Паштет ""HAME"" Куриный со сладким перцем 117 гр ж/б"
CBR00116445;ПАШТЕТ HAME ПЕЧЕНОЧНЫЙ,Ж/Б.117ГР:10
CBR00116430;"Паштет ""HAME"" Из гусиной печени деликатесный круглый 190 гр"
CBR00116433;"Паштет ""HAME"" Из индейки деликатесный круглый 190 гр"
CBR00116439;"Паштет ""HAME"" Из мяса птицы деликатесный круглый 190 гр ж/б"
CBR00116448;"Паштет ""HAME"" Рыбацкий круглый 190 гр ж/б"
CBR00116440;"Паштет ""HAME"" Из мяса птицы деликатесный Халал 250 гр ж/б"
CBR00116423;ПАШТЕТ HAME ИЗ/ГОВЯЖ/ПЕЧЕНИ,8/250ГР,Ж/Б
CBR00116434;ПАШТЕТ HAME ИЗ/ИНДЕЙКИ,8/250ГР,Ж/Б
CBR00116436;"ПАШТЕТ HAME"" ИЗ/МЯСА/ПТИЦЫ,8/250ГР,Ж/Б"
CBR00116451;"Паштет ""HAME"" С куриной печенью Халал 250 гр ж/б"
CBR00116429;ПАШТЕТ HAME ИЗ/ГУСИН/ПЕЧЕНИ,24/48ГР,АЛ
CBR00116431;ПАШТЕТ HAME ИЗ/ИНДЕЙКИ,24/48ГР,АЛ
CBR00116437;ПАШТЕТ HAME ИЗ/МЯСА/ПТИЦЫ,24/48ГР,АЛ
CBR00118982;"Приправа ""KAMIS"" Базилик 10 гр"
CBR00118983;"Приправа ""KAMIS"" Белый молотый 20 гр"
CBR00122899;"Специи ""KAMIS"" Имбирь молотый 15 гр"
CBR00118998;"Приправа ""KAMIS"" Карри 25 гр"
CBR00118999;"Приправа ""KAMIS"" Красный перец острый 20 гр"
CBR00119000;"Приправа ""KAMIS"" Красный перец сладкий 20 гр"
CBR00119001;"Приправа ""KAMIS"" Лимонный перец 52 гр"
CBR00119003;"Приправа ""KAMIS"" Морская соль с травами мельн.78 гр"
CBR00119004;"Приправа ""KAMIS"" Орегано 10 гр"
CBR00118984;"Приправа ""KAMIS"" Для кофе и десерта 48 гр"
CBR00118985;"Приправа ""KAMIS"" Итальянская 50 гр"
CBR00118986;"Приправа ""KAMIS"" К блюдам из картофеля 25 гр"
CBR00118987;"Приправа ""KAMIS"" К борщу 25 гр"
CBR00118988;"Приправа ""KAMIS"" К выпечке и десертам 54 гр"
CBR00118989;"Приправа ""KAMIS"" К курице 30 гр"
CBR00118990;"Приправа ""KAMIS"" К курице 53 гр"
CBR00118991;"Приправа ""KAMIS"" к морепродуктам 48 гр"
CBR00118992;"Приправа ""KAMIS"" К мясному фаршу 20 гр"
CBR00118993;"Приправа ""KAMIS"" К мясу 48 гр"
CBR00118995;"Приправа ""KAMIS"" К рыбе 25 гр"
CBR00118996;"Приправа ""KAMIS"" К рыбе 52 гр"
CBR00118997;"Приправа ""KAMIS"" К салатам 38 гр"
CBR00119007;"Приправа ""KAMIS"" Французская 55 гр"
CBR00121994;"Смесь перцев ""KAMIS"" Стбан-мельница  36 гр"
CBR00119005;"Приправа ""KAMIS"" Травы к птице 15 гр"
CBR00119006;"Приправа ""KAMIS"" Травы к салатам 10 гр"
CBR00125346;"Укроп ""KAMIS"" 8 гр"
CBR00116668;"Перец ""KAMIS"" Черный перец 42 гр"
CBR00116667;"Перец ""KAMIS"" Черный перец  молотый 20 гр"
CBR00118994;"Приправа ""KAMIS"" К мясу шашлык 25 гр"
CBR00108450;"Консервы Рыбные ""Селлесте"" Шпроты в масле 240 гр (ж.б) (ключ)"
CBR00108448;"Консервы Рыбные ""Селлесте"" Шпроты в масле 160 гр (ж.б) (ключ)"
CBR00108968;"Конфеты ""Баян Сулу"" шоколадные Жасмин 1 кг х 6 (вес)"
CBR00108989;"Конфеты ""Баян Сулу"" шоколадные Шалунья 1 кг х 6 (вес)"
CBR00108940;КОНФЕТЫ БАЯН СУЛУ КАРАМЕЛЬ/ЛИМОН:7
CBR00108931;КОНФЕТЫ БАЯН СУЛУ КАРАМЕЛЬ/АПЕЛЬСИН:7
CBR00108927;"Конфеты ""Баян Сулу"" карамель с вишневым ароматом 1 кг х 7 (вес)"
CBR00108939;"Конфеты ""Баян Сулу"" карамель со вкусом клюквы 1 кг х 7 (вес)"
CBR00108933;КОНФЕТЫ БАЯН СУЛУ КАРАМЕЛЬ/БАРБАРИС:7
CBR00108936;"Конфеты ""Баян Сулу"" карамель со вкусом груши 1 кг х 7 (вес)"
CBR00108942;КОНФЕТЫ БАЯН СУЛУ КАРАМЕЛЬ/МЯТА:7
CBR00108919;КОНФЕТЫ БАЯН СУЛУ FRUIT (Ц):7
CBR00104551;ДРАЖЕ БАЯН СУЛУ ШОКЛАД/ОРЕХ:3,5
CBR00112348;МАРМЕЛАД БАЯН СУЛУ МАНДАРИН/ДОЛЬКИ:2,2
CBR00112350;МАРМЕЛАД БАЯН СУЛУ РАДУЖНЫЙ,2,2КГ
CBR00112346;МАРМЕЛАД БАЯН СУЛУ БАЛТИКА2,2КГ
CBR00105036;ЗЕФИР БАЯН СУЛУ БЕЛО/РОЗОВЫЙ,3КГ
CBR00101968;ВАФЛИ БАЯН СУЛУ АРТЕК ТЕР/ПЛ,7КГ
CBR00101967;ВАФЛИ БАЯН СУЛУ АРАХИСОВЫЕ,6,5КГ
CBR00113013;МОЛОКО МУМУНЯ СТЕРИЛИЗОВ,2,5%,0,9Л Ф/П
CBR00113016;МОЛОКО МУМУНЯ СТЕРИЛИЗОВ,3,2%,0,9Л Ф/П
CBR00113014;"Молоко ""Мумуня"" Стерилизованное 3,2% 0,2 л ТСА"
CBR00121926;"Сливки ""Мумуня"" 10% 0,2 л ТСА"
CBR00113017;"Молоко ""Мумуня"" т/классик 7% ТСА"
CBR00106664;"Кефир ""Любимое"" Pure Pak 3,2% 0,45 л"
CBR00106665;КЕФИР ЛЮБИМОЕ TBA 3,2%,0,95Л
CBR00124069;"Сыр плавленый ""Мумуня"" Чаб сливочный 300 гр"
CBR00123971;СЫР КОЛБАСНЫЙ МУМУНЯ ЧАБ.СЛИВ.250Г
CBR00123992;Сыр плавленный пр-т Мумуня вес ц/упак 60% БАНАН
CBR00124057;СЫР ПЛАВЛЕНЫЙ ЛЮБИМЫЙ СЛИВ.25%,150Г
CBR00124055;"Сыр плавленый ""Любимый"" бекон 150 гр"
CBR00124058;"Сыр плавленый ""Любимый"" Янтарь 25% 150 гр"
CBR00124063;СЫР ПЛАВЛЕННЫЙ МУМУНЯ ДРУЖБА,85ГР
CBR00124066;СЫР ПЛАВЛЕННЫЙ МУМУНЯ КОСТРОМСКОЙ,85ГР
CBR00124068;"Сыр плавленый ""Мумуня"" Целинный 85 гр"
CBR00124067;"Сыр плавленый ""Мумуня"" Лето 85 гр"
CBR00122027;"Сметана ""Любимое"" Каймак 15% 180 гр"
CBR00122028;"Сметана ""Любимое"" Каймак 15% 380 гр"
CBR00122029;СМЕТАННЫЙ ПРОДУКТ ЛЮБИМОЕ 20%ПЛ/СТ.180ГР:12
CBR00122030;"Сметана ""Любимое"" Каймак 20% 380 гр"
CBR00124143;"Сырок ""Мумуня"" Творожный с изюм 7% 90 гр"
CBR00124144;"Сырок ""Мумуня"" Творожный сладкий с ванилью 7% 90 гр"
CBR00116417;"Паштет ""HAME"" ДЕЛИКАТЕСНЫЙ из гусиной печени 215 гр ж/б"
CBR00116420;"Паштет ""HAME"" ДЕЛИКАТЕСНЫЙ из МЯСА ПТИЦЫ  215 гр ж/б"
CBR00116425;ПАШТЕТ HAME ИЗ/ГУСИН/ПЕЧЕНИ,8/250ГР,Ж/Б
CBR00116453;"Паштет ""HAME"" С мясом индюшки 250 гр  ж/б"
CBR00116414;"Паштет ""HAME"" Деликат. из индейки 60 гр фол"
CBR00116415;"Паштет ""HAME"" Деликат. из мяса птицы 60 гр фол"
CBR00116449;"Паштет ""HAME"" С гусиной печенью для гурманов 60 гр фольга"
CBR00124925;"Трубочка для молока ""SIPAHH"" Банан"
CBR00124926;"Трубочка для молока ""SIPAHH"" Карамель"
CBR00116446;"Паштет ""HAME"" ПЕЧЕНОЧНЫЙ ФОЛЬГА 215 гр фольга"
CBR00128365;КОНФЕТЫ ШОК.БАЯН СУЛУ АССОРТИ,182ГР,КОР
CBR00108915;КОНФЕТЫ ШОК.БАЯН СУЛУ ГРИЛЯЖ/КОСТАНАЙ,215ГР,КОР
CBR00128587;ШОКОЛАД.БАТОНЧИК БАЯН СУЛУ БОТА MILK,23ГР
CBR00111884;МАКАРОНЫ RATISH ЛАПША ЯИЧНАЯ Д/СУПА,350ГР
CBR00111156;"Лапша ""Rola"" Арай 280 гр*20"
CBR00111885;"Макароны ""Rola"" Лапша Гарнирная 750 гр"
CBR00111892;"Макароны ""Rola"" Лапша Три злака 750 гр"
CBR00111887;"Макароны ""Rola"" лапша домашняя 750 гр*12 (сумочка)"
CBR00124127;СЫРОК АБВГДЕЙКА КАКАО/ПЕЧЕНЬЕ,40ГР
CBR00124125;СЫРОК АБВГДЕЙКА ВАНИЛЬ,40ГР
CBR00124126;СЫРОК АБВГДЕЙКА ВАНИЛЬ/ПЕЧЕНЬЕ,40ГР
CBR00124130;СЫРОК АБВГДЕЙКА СГУЩЕНКА,40Г
CBR00122918;"Спред ""Мумуня"" Растительно-сливочный 72,5% 180 гр (фол)"
CBR00101999;ВАФЛИ РАХАТ АРТЕК Х/П,110ГР
CBR00104556;ДРАЖЕ РАХАТ ЗОЛОТОЙ ОРЕШЕК,55ГР,П/П
CBR00104553;ДРАЖЕ РАХАТ АРАХИС/В/САХАРЕ,150ГР,П/П
CBR00104555;ДРАЖЕ РАХАТ АРАХИСОВЫЙ,150ГР,П/П
CBR00101998;ВАФЛИ РАХАТ АРТЕК ТЕРМОПЛЕНКА,5,5КГ
CBR00119262;ПРИЩЕПКА
CBR00118687;ПОДСТАВКИ ПОД ГОР.
CBR00121798;СКАЛКА (6)
CBR00111889;"Макароны ""Rola"" Лапша лагман 750 гр"
CBR00111896;"Макароны ""Rola"" Лапша Яичная 750 гр"
CBR00111891;МАКАРОНЫ ROLA ЛАПША,СОЛНЕЧ/ЗЕЛЕН,14/750ГР
CBR00111886;"Макароны ""Rola"" Лапша гарнирная 900 гр"
CBR00111880;"Макароны ""Rola"" 5 кг"
CBR00111878;"Макароны ""Rola"" 2 кг"
CBR00113807;"Мука ""Ratish"" высший сорт 1 кг"
CBR00113812;"Мука ""Rola"" первый сорт 1 кг"
CBR00113810;"Мука ""Ratish"" первый сорт 2 кг"
CBR00111893;МАКАРОНЫ ROLA ЛАПША,ЧАБРЕЦ,10КГ
CBR00111894;"Макароны ""Rola"" Лапша Яичная 12 кг (вес)"
CBR00111881;"Макароны ""Rola"" Жайма 2 кг"
CBR00126126;ХЛЕБНИЦА
CBR00126135;ХЛЕБНИЦА БОЛЬШАЯ
CBR00111522;ЛОПАТКИ №1
CBR00111523;ЛОПАТКИ №2
CBR00128703;ЩИПЦЫ удален
CBR00123125;СТАКАНЫ
CBR00100325;207 ПЛАСТ.КОНТЕЙНЕР
CBR00100327;211 ПЛАСТ.КОНТЕЙНЕР
CBR00109023;КОНФЕТЫ РАХАТ ИРИС БОТАГОЗ,6КГ
CBR00109021;КОНФЕТЫ РАХАТ ИРИС ТАЙНА БУРАТИНО:6
CBR00109024;"Конфеты ""Рахат"" Ирис Нежный 6 кг (вес)"
CBR00109025;"Конфеты ""Рахат"" Ирис Тузик 6 кг (вес)"
CBR00109026;КОНФЕТЫ РАХАТ ИРИС/ФРУКТОВЫЙ/САД,6КГ
CBR00104557;ДРАЖЕ РАХАТ МОРСКИЕ КАМЕШКИ:6
CBR00100385;5009 ПЛАСТ.КОНТЕЙНЕР
CBR00100031;007 ДОСКИ
CBR00106764;КИСТОЧКИ 81
CBR00124431;ТЁРКА 8694
CBR00104582;ДРУШЛАГ 22СМ
CBR00102115;ВЕНЧИК БОЛЬШОЙ
CBR00102118;ВЕНЧИК СРЕДНИЙ
CBR00128650;ШТОПОР 1
CBR00118619;ПОДНОС № 1
CBR00118620;ПОДНОС № 2
CBR00124445;ТЕРКИ ПЛАСТ.
CBR00121802;СКАЛКА 50 СМ стар
CBR00116176;ОТКРЫВАШКА
CBR00121759;СИТО МАЛЕНЬКОЕ
CBR00116647;ПЕПЕЛЬНИЦА №2
CBR00118281;Подарочный пакет Горох
CBR00118277;Подарочный пакет (00002598)
CBR00114984;Набор шоколада BS с молочными начинками 0,160 кг*20 шт
CBR00128466;Шоколад Юбиляр (0,100 кг*11) х 6
CBR00126333;ХОЛОД.ЧАЙ MAXI ЧАЙ ЧЕР.ЛЕСНЫЕ/ЯГОДЫ,ПЭТ.0,45Л:12
CBR00109463;КОРМ Д/ЖИВ.WHISKAS ГОВ/ЯГНЕН/КРОЛ.350ГР
CBR00109466;КОРМ Д/ЖИВ.WHISKAS КУР/УТКА/ИНДЕЙК.350ГР
CBR00109458;КОРМ Д/ЖИВ.WHISKAS ИНДЕЙ/МАРК/МОЛОКО.350ГР
CBR00109468;КОРМ Д/ЖИВ.WHISKAS ЛОСОСЬ/ТУНЕЦ/КРЕВ.350ГР
CBR00109470;"Корм для животных ""Whiskas"" Вкусные подушечки сметана с овощами Говядина/Ягненок/Кролик 350 гр"
CBR00109461;КОРМ Д/КОШЕК WHISKAS ГОВ/КРОЛ 4*1,9КГ
CBR00109437;"Корм для животных ""Kitekat"" Телятина аппетитная 1 кг"
CBR00109457;"Корм для животных ""Whiskas"" Вкусные подушечки для котят Индейка/Морковь с молоком 1,9 кг"
CBR00109469;"Корм для животных ""Whiskas"" Вкусные подушечки сметана с овощами Говядина/Ягненок/Кролик 1,9 кг"
CBR00128527;"Шоколадный батончик ""Kit kat"" Nestle Трио 102 гр"
CBR00108740;"Конфеты ""Nesquik"" Вафельные молочная начинка 188 гр"
CBR00108741;"Конфеты ""Nesquik"" Взрыв карамели 177 гр"
CBR00120593;Рыбки вес (плу 1064)
CBR00125894;Фруктовый мармелад вес (плу 1063) Сласти
CBR00101602;"Булочка ""Офтоб"" с кунжутом"
CBR00107995;АНАНАС КОНС.LORADO ШАЙБЫ В/СИРОП,580Г,Ж/Б
CBR00110985;"Куры ""Сары-Булак"" Фасованный (вес)"
CBR00110690;Крыло целое в подложке весовой (фасованный) (ПЛУ 1068)
CBR00101357;"Бисквит ""Roshen"" Сгущенное молоко ВКФ 300 гр"
CBR00102187;Видеонаблюдение (демонтаж)
CBR00113645;МОЮЩ.СРЕД.Д/ПОСУДЫ AOS РОМАШКА/ВИТ.Е,900МЛ:12
CBR00114990;НАБОР ШОК.КОНФЕТ TOFFIFEE НОВОГОДНИЙ,375ГР
CBR00000027;4.2.КОНСЕРВАЦИЯ
CBR00001320;4.2.3.КОНСЕРВАЦИЯ ОВОЩНАЯ
CBR00001323;4.2.4.3.2.МЕД В ПЛАСТИКОВОЙ УПАКОВКЕ
CBR00000034;4.2.2.КОНСЕРВАЦИЯ МЯСНАЯ
CBR00001372;4.2.1.1.4.2.ГОРБУША В ТОМАТЕ КОНС Ж/Б
CBR00055880;Ретро бонус (Ретро бонус 6%)
CBR00055881;Сат-Сентрал
CBR00055882;Рекламная акция
CBR00055883;Прима (Bonduelle)
CBR00055885;Прима (Johnson's)
CBR00055887;Прима (Чай)
CBR00121530;Сетка грохота 3мм яч.8*8,1х3м
CBR00111460;Лист 1мм 1х2м
CBR00120151;Распечатка цветной А3
CBR00055891;Ретро бонус (Bonduelle)
CBR00055892;Ретро бонус (Johnson's)
CBR00055893;Прима (Colgate)
CBR00115781;Обложка А4
CBR00132855;стойка
CBR00132854;"Стойка 160*8 замкнутая "
CBR00132853;Боковина 400 СК
CBR00132861;Опора металлическая
CBR00132860;Панель задняя
CBR00132859;Панель фриза
CBR00132858;Полка 40 ск/см
CBR00132852;Кронштейн 40 ск/см
CBR00132857;Профиль из ПВХ
CBR00132851;Разделитель ОРТ
CBR00132850;Фронтальный профиль
CBR00132856;"Стойка 220*8 замкнутая "
CBR00132849;Боковина 500 СК
CBR00132848;"Нащельник к стеллажу "
CBR00132847;Защита сканера
CBR00132949;Стабилизатор SVC AVR-1012-G
CBR00132950;Организация праздника
CBR00132971;"MS-1C-DRIVER-SYNC- Драйвер терминала сбора данных для ""1С:Предприятия"" на основе Mobile SMARTS ВК24"
CBR00132972;"MS-1C-DRIVER-SYNC- Драйвер терминала сбора данных для ""1С:Предприятия"" на основе Mobile SMARTS ВК24"
CBR00158853;Гильза ГМ 6
CBR00133021;Стенд под акцию с 6-ю карманами
CBR00133022;"Паритет КВК-П-2 2*0,50 Комбинированный кабель для систем видеонаблюдения черный "
CBR00133025;Бумага PAPERLINE №200 А4 80г/м2, 500л, Gold
CBR00133024;TPB R404 A
CBR00133023;Замена ЭКЛЗ
CBR00133026;Кабель HDMI 20
CBR00133078;Этикетка самоклеющая 43х25 (1000эт) без печати
CBR00133077;Детектор валют
CBR00133082;Услуга по размещению продукции за 3 кв.2018г.
CBR00133081;Услуга по размещению продукции за 4 кв.2018г.
CBR00133080;Услуги по предоставлению торговых площадей за 3 кв. 2018г.
CBR00133079;Услуги по предоставлению торговых площадей за 4 кв. 2018г.
CBR00133211;Жесткий диск 4000ГБ
CBR00133210;Жесткий диск Dell 1TB 0WF12F
CBR00133209;"Участие в ярмарке ""БОПЕ FAIR"""
CBR00133237;Бумага PAPERLINE №220, А4, 80г/м2, 500л, Turquoise
CBR00133238;Бумага PAPERLINE №160, А4, 80г/м2, 500л, Yellow
CBR00158856;Печатающая головка для ФР-ПТК-RR-04KZ
CBR00133240;"Замена БП "
CBR00133239;"Драйвер ТСД на основе Mobile SMARTS "
CBR00133281;Опора металлическая
CBR00133280;Форма пекарям логотип ВК24
CBR00133279;Форма админ. логотип ВК24
CBR00133278;Форма кассира логотип ВК24
CBR00133277;Фартук логотип ВК24 и 8
CBR00133276;"Фартук тех.персонал логотип "
CBR00133282;Услуги по рекламе и продвижению продаж под торговыми марками P&G за 19.10.2018г
CBR00133306;Жеский диск HDD 4 Tb Western Digital Purple
CBR00133328;MS-2011D/СВЧ-печь Elenberg
CBR00133327;"КДекор ПФ-115 серая "
CBR00155308;Кронштейн настенный
CBR00131635;Ящики для молочки 600*400*200
CBR00131641;"Теплообменник "
CBR00131640;Процессор
CBR00131682;Услуги по рекламе и продвижению продаж под торговыми марками P&G в период с 01.07.2018- 31.07.2018
CBR00131694;Кондиционер  Electrolux EACS-18HAT/N3/out ВК23
CBR00131693;VC 1024 GF210GT/DDR3/64bit
CBR00131692;Power supply  AeroCool P4-65WA
CBR00131691;Переходник видео конвектор
CBR00131690;"SSD Kingstion 500 Gb "
CBR00131977;Пружина тяговая
CBR00131978;Вентилятор Frico Craft 5w
CBR00131979;Акция ГОТОВ К ШКОЛЕ
CBR00131980;"Альбом для рисования "
CBR00131981;Карандаши простые графитные в пач 12шт
CBR00131982;Карандаши 12цв
CBR00131983;Клей карандаш DOLPHIN 15 гр
CBR00131984;Ластик бело-серый
CBR00131985;Ножницы
CBR00131986;Обложки 23*22 см
CBR00131987;Пенал STRONG 2011  для мальчиков
CBR00131988;Пенал доп. карман. тряпочн
CBR00131989;"Ручка MAXRiter синний стер "
CBR00131990;Рюзказ sport
CBR00131991;Рюзказ Молний 16/3
CBR00131992;Рюзказ Disney DD-002 3D
CBR00131993;Рюзказ FLAMINGO для мальчиков
CBR00131994;Рюзказ FLAMINGO для девочек
CBR00131995;Рюзказ Herlitz для девочек
CBR00131996;Тетрадь А5 24 листа
CBR00131997;"Тетрадь ""Вектор"" 24 листов "
CBR00131998;"Тетрадь ""ТетраПром"" клетка 48 лист"
CBR00131999;Точилки Eisen метал 1002/1006
CBR00132000;Линейка дерев 30см
CBR00132001;Лотореи Акция ГОТОВ К ШКОЛЕ
CBR00132002;Услуги по продвижению продукции P&G с 1.07.2018-31.07.2018г
CBR00132003;Нихром(плоский) 3*0,15мм
CBR00132004;Тефлон
CBR00132032;Перчатки кондитерские
CBR00132033;Форма антипригарная
CBR00132034;Форма для выпечки кекса 12шт
CBR00132035;Водоэмульсия
CBR00132059;Гипсокортон
CBR00132060;Профиль
CBR00132061;Саморезы
CBR00132062;Направляющие
CBR00158845;Подушка двигателя Газель
CBR00132139;"Ящик для акции "
CBR00132314;Ящики для сыпучих продуктов
CBR00132315;Чайник
CBR00132316;Смартфон Prestigio Wize Q3? 8GB? Black
CBR00158846;мешок
CBR00158847;"термоголовка для термопринтера "
CBR00132410;"Печатающая головка для ФР-ПТК "
CBR00107867;"Консалдинговые услуги "
CBR00100933;Аренда стадиона
CBR00100795;Автоотрезчик чековой ленты на Щтрих мини ФР-ФКЗ ВК№8
CBR00113485;Мотор электрический Д3З20Ф1 на штрих мини ФР ФКЗ ВК№8
